{"cameraMode":{"drawMode":0,"name":"Shaded","section":"Shading Mode"},"sceneLighting":true,"audioPlay":false,"sceneViewState":{"showFog":true,"showMaterialUpdate":false,"showSkybox":false,"showFlares":true,"showImageEffects":true,"showParticleSystems":true},"in2DMode":false,"pivot":{"x":1.042455792427063,"y":2.721151828765869,"z":2.709197521209717},"rotation":{"x":0.11230791360139847,"y":-0.06851578503847122,"z":0.007753385230898857,"w":0.9913126826286316},"size":0.9339746832847595,"orthographic":false}