{"cameraMode":{"drawMode":0,"name":"Shaded","section":"Shading Mode"},"sceneLighting":true,"audioPlay":false,"sceneViewState":{"showFog":true,"showMaterialUpdate":false,"showSkybox":true,"showFlares":true,"showImageEffects":true,"showParticleSystems":true},"in2DMode":false,"pivot":{"x":-49.625911712646487,"y":-65.59395599365235,"z":3.0748260021209719},"rotation":{"x":0.29702386260032656,"y":-0.639072835445404,"z":0.29360470175743105,"w":0.6460210680961609},"size":52.63449478149414,"orthographic":false}